year,category,registrations,yoy_growth
2021,2W,13420306,
2021,3W,1304478,
2021,4W,8075113,
2022,2W,12975570,-3.313903572690513
2022,3W,1265096,-3.0189853719265525
2022,4W,8178611,1.2816910425897499
2023,2W,12626852,-2.6874965801117034
2023,3W,1365112,7.90580319596299
2023,4W,8084919,-1.1455734965264863
